{
    "name":"test",
    "version":"0.0.0",
    "author":"",
    "location":"",
    "directory":"",
    "createPackageDirectory":true,
    "packageDirectory":"",
    "homepage":"",
    "documentation":"",
    "repository":{
        "type":"",
        "URL":""
    },
    "bugs":"",
    "slug":"test",
    "shortDescription":"A sweet package",
    "description":"",
    "instructions":"",
    "changelog":"",
    "type":"",
    "keywords":[
        
    ],
    "private":false,
    "engines":[
        {
            "type":"",
            "version":""
        }
    ],
    "defaultEngine":"",
    "defaultPort":0,
    "projectURL":"",
    "license":[
        {
            "type":"",
            "URL":""
        }
    ],
    "contributors":[
        
    ],
    "dependencies":{
        "cborm":"1.1.0"
    },
    "devDependencies":{
        
    },
    "installPaths":{
        "cborm":"modules\\cborm"
    },
    "ignore":[
        "**/.*",
        "test",
        "tests"
    ],
    "testbox":{
        "runner":[
            {
                "default":""
            }
        ],
        "labels":[
            
        ],
        "reporter":"",
        "reporterResults":"",
        "bundles":[
            ""
        ],
        "directory":{
            "mapping":"",
            "recurse":true
        },
        "watchers":[
            
        ],
        "notify":{
            "emails":[
                
            ],
            "growl":"",
            "URL":""
        }
    }
}